{"extensionType":"field_faas","i18nMap":{"zh-CN":{"sourceFieldLabel":"源附件字段","newPrefixLabel":"新的文件名前缀","newPrefixPlaceholder":"请输入新的文件名前缀"},"en-US":{"sourceFieldLabel":"Source Attachment Field","newPrefixLabel":"New Filename Prefix","newPrefixPlaceholder":"Enter the new filename prefix"},"ja-JP":{"sourceFieldLabel":"ソース添付ファイルフィールド","newPrefixLabel":"新しいファイル名のプレフィックス","newPrefixPlaceholder":"新しいファイル名のプレフィックスを入力してください"}},"fields":[{"fieldType":17,"uiSchema":{"fieldsConfigEditor":{"component":"OpenFieldMetaEditor","props":{"schema":{"items":[{"key":"sourceAttachments","label":"${{sourceFieldLabel}}","component":"FieldSelect","props":{"supportType":[17]},"validator":{"required":true}},{"key":"newPrefix","label":"${{newPrefixLabel}}","component":"Text","props":{"placeholder":"${{newPrefixPlaceholder}}"},"validator":{"required":true}}]}}}},"presetFieldConfig":{"fieldProperty":{"propertyType":17,"properties":[]},"externalEditorConfig":{}},"disableAutoUpdate":false}]}